id,symbol,name,image
bitcoin,btc,Bitcoin,https://assets.coingecko.com/coins/images/1/large/bitcoin.png?1547033579
ethereum,eth,Ethereum,https://assets.coingecko.com/coins/images/279/large/ethereum.png?1595348880
tether,usdt,Tether,https://assets.coingecko.com/coins/images/325/large/Tether-logo.png?1598003707
binancecoin,bnb,BNB,https://assets.coingecko.com/coins/images/825/large/bnb-icon2_2x.png?1644979850
usd-coin,usdc,USD Coin,https://assets.coingecko.com/coins/images/6319/large/USD_Coin_icon.png?1547042389
ripple,xrp,XRP,https://assets.coingecko.com/coins/images/44/large/xrp-symbol-white-128.png?1605778731
binance-usd,busd,Binance USD,https://assets.coingecko.com/coins/images/9576/large/BUSD.png?1568947766
cardano,ada,Cardano,https://assets.coingecko.com/coins/images/975/large/cardano.png?1547034860
solana,sol,Solana,https://assets.coingecko.com/coins/images/4128/large/solana.png?1640133422
dogecoin,doge,Dogecoin,https://assets.coingecko.com/coins/images/5/large/dogecoin.png?1547792256
polkadot,dot,Polkadot,https://assets.coingecko.com/coins/images/12171/large/polkadot.png?1639712644
shiba-inu,shib,Shiba Inu,https://assets.coingecko.com/coins/images/11939/large/shiba.png?1622619446
dai,dai,Dai,https://assets.coingecko.com/coins/images/9956/large/4943.png?1636636734
matic-network,matic,Polygon,https://assets.coingecko.com/coins/images/4713/large/matic-token-icon.png?1624446912
staked-ether,steth,Lido Staked Ether,https://assets.coingecko.com/coins/images/13442/large/steth_logo.png?1608607546
tron,trx,TRON,https://assets.coingecko.com/coins/images/1094/large/tron-logo.png?1547035066
uniswap,uni,Uniswap,https://assets.coingecko.com/coins/images/12504/large/uniswap-uni.png?1600306604
avalanche-2,avax,Avalanche,https://assets.coingecko.com/coins/images/12559/large/coin-round-red.png?1604021818
wrapped-bitcoin,wbtc,Wrapped Bitcoin,https://assets.coingecko.com/coins/images/7598/large/wrapped_bitcoin_wbtc.png?1548822744
okb,okb,OKB,https://assets.coingecko.com/coins/images/4463/large/WeChat_Image_20220118095654.png?1642471050
litecoin,ltc,Litecoin,https://assets.coingecko.com/coins/images/2/large/litecoin.png?1547033580
leo-token,leo,LEO Token,https://assets.coingecko.com/coins/images/8418/large/leo-token.png?1558326215
ethereum-classic,etc,Ethereum Classic,https://assets.coingecko.com/coins/images/453/large/ethereum-classic-logo.png?1547034169
cosmos,atom,Cosmos Hub,https://assets.coingecko.com/coins/images/1481/large/cosmos_hub.png?1555657960
chainlink,link,Chainlink,https://assets.coingecko.com/coins/images/877/large/chainlink-new-logo.png?1547034700
ftx-token,ftt,FTX,https://assets.coingecko.com/coins/images/9026/large/F.png?1609051564
stellar,xlm,Stellar,https://assets.coingecko.com/coins/images/100/large/Stellar_symbol_black_RGB.png?1552356157
near,near,NEAR Protocol,https://assets.coingecko.com/coins/images/10365/large/near_icon.png?1601359077
crypto-com-chain,cro,Cronos,https://assets.coingecko.com/coins/images/7310/large/oCw2s3GI_400x400.jpeg?1645172042
monero,xmr,Monero,https://assets.coingecko.com/coins/images/69/large/monero_logo.png?1547033729
algorand,algo,Algorand,https://assets.coingecko.com/coins/images/4380/large/download.png?1547039725
bitcoin-cash,bch,Bitcoin Cash,https://assets.coingecko.com/coins/images/780/large/bitcoin-cash-circle.png?1594689492
terra-luna,lunc,Terra Luna Classic,https://assets.coingecko.com/coins/images/8284/large/01_LunaClassic_color.png?1653547790
quant-network,qnt,Quant,https://assets.coingecko.com/coins/images/3370/large/5ZOu7brX_400x400.jpg?1612437252
flow,flow,Flow,https://assets.coingecko.com/coins/images/13446/large/5f6294c0c7a8cda55cb1c936_Flow_Wordmark.png?1631696776
vechain,vet,VeChain,https://assets.coingecko.com/coins/images/1167/large/VeChain-Logo-768x725.png?1547035194
apecoin,ape,ApeCoin,https://assets.coingecko.com/coins/images/24383/large/apecoin.jpg?1647476455
filecoin,fil,Filecoin,https://assets.coingecko.com/coins/images/12817/large/filecoin.png?1602753933
internet-computer,icp,Internet Computer,https://assets.coingecko.com/coins/images/14495/large/Internet_Computer_logo.png?1620703073
chain-2,xcn,Chain,https://assets.coingecko.com/coins/images/24210/large/Chain_icon_200x200.png?1646895054
hedera-hashgraph,hbar,Hedera,https://assets.coingecko.com/coins/images/3688/large/hbar.png?1637045634
frax,frax,Frax,https://assets.coingecko.com/coins/images/13422/large/frax_logo.png?1608476506
elrond-erd-2,egld,Elrond,https://assets.coingecko.com/coins/images/12335/large/elrond3_360.png?1626341589
tezos,xtz,Tezos,https://assets.coingecko.com/coins/images/976/large/Tezos-logo.png?1547034862
the-sandbox,sand,The Sandbox,https://assets.coingecko.com/coins/images/12129/large/sandbox_logo.jpg?1597397942
decentraland,mana,Decentraland,https://assets.coingecko.com/coins/images/878/large/decentraland-mana.png?1550108745
eos,eos,EOS,https://assets.coingecko.com/coins/images/738/large/eos-eos-logo.png?1547034481
chiliz,chz,Chiliz,https://assets.coingecko.com/coins/images/8834/large/Chiliz.png?1561970540
axie-infinity,axs,Axie Infinity,https://assets.coingecko.com/coins/images/13029/large/axie_infinity_logo.png?1604471082
aave,aave,Aave,https://assets.coingecko.com/coins/images/12645/large/AAVE.png?1601374110
theta-token,theta,Theta Network,https://assets.coingecko.com/coins/images/2538/large/theta-token-logo.png?1548387191
lido-dao,ldo,Lido DAO,https://assets.coingecko.com/coins/images/13573/large/Lido_DAO.png?1609873644
compound-usd-coin,cusdc,cUSDC,https://assets.coingecko.com/coins/images/9442/large/Compound_USDC.png?1567581577
bitcoin-cash-sv,bsv,Bitcoin SV,https://assets.coingecko.com/coins/images/6799/large/BSV.png?1558947902
paxos-standard,usdp,Pax Dollar,https://assets.coingecko.com/coins/images/6013/large/Pax_Dollar.png?1629877204
true-usd,tusd,TrueUSD,https://assets.coingecko.com/coins/images/3449/large/tusd.png?1618395665
kucoin-shares,kcs,KuCoin,https://assets.coingecko.com/coins/images/1047/large/sa9z79.png?1610678720
tokenize-xchange,tkx,Tokenize Xchange,https://assets.coingecko.com/coins/images/4984/large/Tokenize.png?1561602968
ecash,xec,eCash,https://assets.coingecko.com/coins/images/16646/large/Logo_final-22.png?1628239446
usdd,usdd,USDD,https://assets.coingecko.com/coins/images/25380/large/UUSD.jpg?1651823371
maker,mkr,Maker,https://assets.coingecko.com/coins/images/1364/large/Mark_Maker.png?1585191826
iota,miota,IOTA,https://assets.coingecko.com/coins/images/692/large/IOTA_Swirl.png?1604238557
bittorrent,btt,BitTorrent,https://assets.coingecko.com/coins/images/22457/large/btt_logo.png?1643857231
the-graph,grt,The Graph,https://assets.coingecko.com/coins/images/13397/large/Graph_Token.png?1608145566
zcash,zec,Zcash,https://assets.coingecko.com/coins/images/486/large/circle-zcash-color.png?1547034197
pancakeswap-token,cake,PancakeSwap,https://assets.coingecko.com/coins/images/12632/large/pancakeswap-cake-logo_%281%29.png?1629359065
helium,hnt,Helium,https://assets.coingecko.com/coins/images/4284/large/Helium_HNT.png?1612620071
gatechain-token,gt,Gate,https://assets.coingecko.com/coins/images/8183/large/gt.png?1556085624
cdai,cdai,cDAI,https://assets.coingecko.com/coins/images/9281/large/cDAI.png?1576467585
neo,neo,NEO,https://assets.coingecko.com/coins/images/480/large/NEO_512_512.png?1594357361
radix,xrd,Radix,https://assets.coingecko.com/coins/images/4374/large/Radix.png?1629701658
klay-token,klay,Klaytn,https://assets.coingecko.com/coins/images/9672/large/klaytn.png?1660288824
fantom,ftm,Fantom,https://assets.coingecko.com/coins/images/4001/large/Fantom.png?1558015016
compound-ether,ceth,cETH,https://assets.coingecko.com/coins/images/10643/large/ceth2.JPG?1581389598
huobi-token,ht,Huobi,https://assets.coingecko.com/coins/images/2822/large/huobi-token-logo.png?1547036992
havven,snx,Synthetix Network,https://assets.coingecko.com/coins/images/3406/large/SNX.png?1598631139
evmos,evmos,Evmos,https://assets.coingecko.com/coins/images/24023/large/evmos.png?1653958927
pax-gold,paxg,PAX Gold,https://assets.coingecko.com/coins/images/9519/large/paxg.PNG?1568542565
bitdao,bit,BitDAO,https://assets.coingecko.com/coins/images/17627/large/rI_YptK8.png?1653983088
nexo,nexo,NEXO,https://assets.coingecko.com/coins/images/3695/large/nexo.png?1548086057
osmosis,osmo,Osmosis,https://assets.coingecko.com/coins/images/16724/large/osmo.png?1632763885
thorchain,rune,THORChain,https://assets.coingecko.com/coins/images/6595/large/RUNE.png?1614160507
celsius-degree-token,cel,Celsius Network,https://assets.coingecko.com/coins/images/3263/large/CEL_logo.png?1609598753
rocket-pool,rpl,Rocket Pool,https://assets.coingecko.com/coins/images/2090/large/rocket_pool_%28RPL%29.png?1637662441
zilliqa,zil,Zilliqa,https://assets.coingecko.com/coins/images/2687/large/Zilliqa-logo.png?1547036894
dash,dash,Dash,https://assets.coingecko.com/coins/images/19/large/dash-logo.png?1548385930
arweave,ar,Arweave,https://assets.coingecko.com/coins/images/4343/large/oRt6SiEN_400x400.jpg?1591059616
basic-attention-token,bat,Basic Attention,https://assets.coingecko.com/coins/images/677/large/basic-attention-token.png?1547034427
enjincoin,enj,Enjin Coin,https://assets.coingecko.com/coins/images/1102/large/enjin-coin-logo.png?1547035078
kava,kava,Kava,https://assets.coingecko.com/coins/images/9761/large/kava.png?1663638871
ethereum-name-service,ens,Ethereum Name Service,https://assets.coingecko.com/coins/images/19785/large/acatxTm8_400x400.jpg?1635850140
xdce-crowd-sale,xdc,XDC Network,https://assets.coingecko.com/coins/images/2912/large/xdc-icon.png?1633700890
blockstack,stx,Stacks,https://assets.coingecko.com/coins/images/2069/large/Stacks_logo_full.png?1604112510
immutable-x,imx,Immutable X,https://assets.coingecko.com/coins/images/17233/large/immutableX-symbol-BLK-RGB.png?1665110648
ravencoin,rvn,Ravencoin,https://assets.coingecko.com/coins/images/3412/large/ravencoin.png?1548386057
tether-gold,xaut,Tether Gold,https://assets.coingecko.com/coins/images/10481/large/tether-gold.png?1579946148
terra-luna-2,luna,Terra,https://assets.coingecko.com/coins/images/25767/large/01_Luna_color.png?1653556122
defichain,dfi,DeFiChain,https://assets.coingecko.com/coins/images/11757/large/symbol-defi-blockchain_200.png?1597306538
mina-protocol,mina,Mina Protocol,https://assets.coingecko.com/coins/images/15628/large/JM4_vQ34_400x400.png?1621394004
compound-governance-token,comp,Compound,https://assets.coingecko.com/coins/images/10775/large/COMP.png?1592625425
trust-wallet-token,twt,Trust Wallet,https://assets.coingecko.com/coins/images/11085/large/Trust.png?1588062702
stepn,gmt,STEPN,https://assets.coingecko.com/coins/images/23597/large/gmt.png?1644658792
kusama,ksm,Kusama,https://assets.coingecko.com/coins/images/9568/large/m4zRhP5e_400x400.jpg?1576190080
amp-token,amp,Amp,https://assets.coingecko.com/coins/images/12409/large/amp-200x200.png?1599625397
convex-finance,cvx,Convex Finance,https://assets.coingecko.com/coins/images/15585/large/convex.png?1621256328
reserve-rights-token,rsr,Reserve Rights,https://assets.coingecko.com/coins/images/8365/large/rsr.png?1637983320
waves,waves,Waves,https://assets.coingecko.com/coins/images/425/large/waves.png?1548386117
decred,dcr,Decred,https://assets.coingecko.com/coins/images/329/large/decred.png?1547034093
casper-network,cspr,Casper Network,https://assets.coingecko.com/coins/images/15279/large/casper.PNG?1620341020
compound-usdt,cusdt,cUSDT,https://assets.coingecko.com/coins/images/11621/large/cUSDT.png?1592113270
nem,xem,NEM,https://assets.coingecko.com/coins/images/242/large/NEM_WC_Logo_200px.png?1642668663
loopring,lrc,Loopring,https://assets.coingecko.com/coins/images/913/large/LRC.png?1572852344
celo,celo,Celo,https://assets.coingecko.com/coins/images/11090/large/icon-celo-CELO-color-500.png?1592293590
holotoken,hot,Holo,https://assets.coingecko.com/coins/images/3348/large/Holologo_Profile.png?1547037966
bitcoin-gold,btg,Bitcoin Gold,https://assets.coingecko.com/coins/images/1043/large/bitcoin-gold-logo.png?1547034978
gmx,gmx,GMX,https://assets.coingecko.com/coins/images/18323/large/arbit.png?1631532468
ecomi,omi,ECOMI,https://assets.coingecko.com/coins/images/4428/large/ECOMI.png?1557928886
curve-dao-token,crv,Curve DAO,https://assets.coingecko.com/coins/images/12124/large/Curve.png?1597369484
gemini-dollar,gusd,Gemini Dollar,https://assets.coingecko.com/coins/images/5992/large/gemini-dollar-gusd.png?1536745278
maiar-dex,mex,Maiar DEX,https://assets.coingecko.com/coins/images/20657/large/MEX-icon.png?1637540149
1inch,1inch,1inch,https://assets.coingecko.com/coins/images/13469/large/1inch-token.png?1608803028
frax-share,fxs,Frax Share,https://assets.coingecko.com/coins/images/13423/large/frax_share.png?1608478989
theta-fuel,tfuel,Theta Fuel,https://assets.coingecko.com/coins/images/8029/large/1_0YusgngOrriVg4ZYx4wOFQ.png?1553483622
gala,gala,Gala,https://assets.coingecko.com/coins/images/12493/large/GALA-COINGECKO.png?1600233435
nxm,nxm,Nexus Mutual,https://assets.coingecko.com/coins/images/11810/large/nexus-mutual.jpg?1594547726
oasis-network,rose,Oasis Network,https://assets.coingecko.com/coins/images/13162/large/rose.png?1605772906
gnosis,gno,Gnosis,https://assets.coingecko.com/coins/images/662/large/logo_square_simple_300px.png?1609402668
qtum,qtum,Qtum,https://assets.coingecko.com/coins/images/684/large/Qtum_Logo_blue_CG.png?1637155875
olympus,ohm,Olympus,https://assets.coingecko.com/coins/images/14483/large/token_OHM_%281%29.png?1628311611
terrausd,ustc,TerraClassicUSD,https://assets.coingecko.com/coins/images/12681/large/UST.png?1653548090
serum,srm,Serum,https://assets.coingecko.com/coins/images/11970/large/serum-logo.png?1597121577
kadena,kda,Kadena,https://assets.coingecko.com/coins/images/3693/large/djLWD6mR_400x400.jpg?1591080616
safemoon,safemoon,SafeMoon [OLD],https://assets.coingecko.com/coins/images/14362/large/174x174-white.png?1617174846
iostoken,iost,IOST,https://assets.coingecko.com/coins/images/2523/large/IOST.png?1557555183
iotex,iotx,IoTeX,https://assets.coingecko.com/coins/images/3334/large/iotex-logo.png?1547037941
golem,glm,Golem,https://assets.coingecko.com/coins/images/542/large/Golem_Submark_Positive_RGB.png?1606392013
huobi-btc,hbtc,Huobi BTC,https://assets.coingecko.com/coins/images/12407/large/Unknown-5.png?1599624896
sushi,sushi,Sushi,https://assets.coingecko.com/coins/images/12271/large/512x512_Logo_no_chop.png?1606986688
yearn-finance,yfi,yearn.finance,https://assets.coingecko.com/coins/images/11849/large/yfi-192x192.png?1598325330
tenset,10set,Tenset,https://assets.coingecko.com/coins/images/14629/large/10set.png?1617353812
ankr,ankr,Ankr,https://assets.coingecko.com/coins/images/4324/large/U85xTl2.png?1608111978
msol,msol,Marinade staked SOL,https://assets.coingecko.com/coins/images/17752/large/mSOL.png?1644541955
oec-token,okt,OKC,https://assets.coingecko.com/coins/images/13708/large/WeChat_Image_20220118095654.png?1642471094
convex-crv,cvxcrv,Convex CRV,https://assets.coingecko.com/coins/images/15586/large/convex-crv.png?1621255952
livepeer,lpt,Livepeer,https://assets.coingecko.com/coins/images/7137/large/logo-circle-green.png?1619593365
polymath,poly,Polymath,https://assets.coingecko.com/coins/images/2784/large/inKkF01.png?1605007034
omisego,omg,OMG Network,https://assets.coingecko.com/coins/images/776/large/OMG_Network.jpg?1591167168
harmony,one,Harmony,https://assets.coingecko.com/coins/images/4344/large/Y88JAze.png?1565065793
synapse-2,syn,Synapse,https://assets.coingecko.com/coins/images/18024/large/synapse_social_icon.png?1663921797
juno-network,juno,JUNO,https://assets.coingecko.com/coins/images/19249/large/juno.png?1642838082
escoin-token,elg,Escoin,https://assets.coingecko.com/coins/images/13566/large/escoin-200.png?1609833886
zelcash,flux,Flux,https://assets.coingecko.com/coins/images/5163/large/Flux_symbol_blue-white.png?1617192144
bitrise-token,brise,Bitgert,https://assets.coingecko.com/coins/images/17388/large/bitgert.png?1660272192
just,jst,JUST,https://assets.coingecko.com/coins/images/11095/large/JUST.jpg?1588175394
0x,zrx,0x,https://assets.coingecko.com/coins/images/863/large/0x.png?1547034672
icon,icx,ICON,https://assets.coingecko.com/coins/images/1060/large/icon-icx-logo.png?1547035003
magic-internet-money,mim,Magic Internet Money,https://assets.coingecko.com/coins/images/16786/large/mimlogopng.png?1624979612
tether-eurt,eurt,Euro Tether,https://assets.coingecko.com/coins/images/17385/large/Tether_full_logo_dm.png?1627537298
bitclout,deso,Decentralized Social,https://assets.coingecko.com/coins/images/16310/large/Deso_Logo_Vector.png?1637218348
rocket-pool-eth,reth,Rocket Pool ETH,https://assets.coingecko.com/coins/images/20764/large/reth.png?1637652366
ontology,ont,Ontology,https://assets.coingecko.com/coins/images/3447/large/ONT.png?1583481820
baby-doge-coin,babydoge,Baby Doge Coin,https://assets.coingecko.com/coins/images/16125/large/Baby_Doge.png?1623044048
constellation-labs,dag,Constellation,https://assets.coingecko.com/coins/images/4645/large/Constellation_Network_Logo.png?1662543939
merit-circle,mc,Merit Circle,https://assets.coingecko.com/coins/images/19304/large/Db4XqML.png?1634972154
moonbeam,glmr,Moonbeam,https://assets.coingecko.com/coins/images/22459/large/glmr.png?1641880985
balancer,bal,Balancer,https://assets.coingecko.com/coins/images/11683/large/Balancer.png?1592792958
nucypher,nu,NuCypher,https://assets.coingecko.com/coins/images/3318/large/photo1198982838879365035.jpg?1547037916
swissborg,chsb,SwissBorg,https://assets.coingecko.com/coins/images/2117/large/YJUrRy7r_400x400.png?1589794215
wax,waxp,WAX,https://assets.coingecko.com/coins/images/1372/large/WAX_Coin_Tickers_P_512px.png?1602812260
hive,hive,Hive,https://assets.coingecko.com/coins/images/10840/large/logo_transparent_4x.png?1584623184
link,ln,LINK,https://assets.coingecko.com/coins/images/6450/large/linklogo.png?1547042644
optimism,op,Optimism,https://assets.coingecko.com/coins/images/25244/large/Optimism.png?1660904599
siacoin,sc,Siacoin,https://assets.coingecko.com/coins/images/289/large/siacoin.png?1548386465
chia,xch,Chia,https://assets.coingecko.com/coins/images/15174/large/zV5K5y9f_400x400.png?1620024414
alchemix-usd,alusd,Alchemix USD,https://assets.coingecko.com/coins/images/14114/large/Alchemix_USD.png?1614410406
coinmetro,xcm,Coinmetro,https://assets.coingecko.com/coins/images/3125/large/XCM_Token_Logo_.png?1646280053
zencash,zen,Horizen,https://assets.coingecko.com/coins/images/691/large/horizen.png?1555052241
swipe,sxp,SXP,https://assets.coingecko.com/coins/images/9368/large/swipe.png?1566792311
audius,audio,Audius,https://assets.coingecko.com/coins/images/12913/large/AudiusCoinLogo_2x.png?1603425727
liquity-usd,lusd,Liquity USD,https://assets.coingecko.com/coins/images/14666/large/Group_3.png?1617631327
ergo,erg,Ergo,https://assets.coingecko.com/coins/images/2484/large/Ergo.png?1574682618
secret,scrt,Secret,https://assets.coingecko.com/coins/images/11871/large/Secret.png?1595520186
energy-web-token,ewt,Energy Web,https://assets.coingecko.com/coins/images/10886/large/R9gQTJV__400x400.png?1585604557
songbird,sgb,Songbird,https://assets.coingecko.com/coins/images/18663/large/SGB_512x512.png?1645088006
mxc,mxc,MXC,https://assets.coingecko.com/coins/images/4604/large/mxc.png?1655534336
safemoon-2,sfm,SafeMoon,https://assets.coingecko.com/coins/images/21863/large/photo_2021-12-22_14.43.36.jpeg?1640155440
woo-network,woo,WOO Network,https://assets.coingecko.com/coins/images/12921/large/w2UiemF__400x400.jpg?1603670367
vvs-finance,vvs,VVS Finance,https://assets.coingecko.com/coins/images/20210/large/8glAYOTM_400x400.jpg?1636667919
dydx,dydx,dYdX,https://assets.coingecko.com/coins/images/17500/large/hjnIm9bV.jpg?1628009360
uma,uma,UMA,https://assets.coingecko.com/coins/images/10951/large/UMA.png?1586307916
skale,skl,SKALE,https://assets.coingecko.com/coins/images/13245/large/SKALE_token_300x300.png?1606789574
playdapp,pla,PlayDapp,https://assets.coingecko.com/coins/images/14316/large/54023228.png?1615366911
apenft,nft,APENFT,https://assets.coingecko.com/coins/images/15687/large/apenft.jpg?1621562368
dao-maker,dao,DAO Maker,https://assets.coingecko.com/coins/images/13915/large/4.png?1612838831
ribbon-finance,rbn,Ribbon Finance,https://assets.coingecko.com/coins/images/15823/large/RBN_64x64.png?1633529723
ethos,vgx,Voyager VGX,https://assets.coingecko.com/coins/images/794/large/Voyager-vgx.png?1575693595
digibyte,dgb,DigiByte,https://assets.coingecko.com/coins/images/63/large/digibyte.png?1547033717
injective-protocol,inj,Injective,https://assets.coingecko.com/coins/images/12882/large/Secondary_Symbol.png?1628233237
coinex-token,cet,CoinEx,https://assets.coingecko.com/coins/images/4817/large/coinex-token.png?1547040183
render-token,rndr,Render,https://assets.coingecko.com/coins/images/11636/large/rndr.png?1638840934
dogelon-mars,elon,Dogelon Mars,https://assets.coingecko.com/coins/images/14962/large/6GxcPRo3_400x400.jpg?1619157413
lisk,lsk,Lisk,https://assets.coingecko.com/coins/images/385/large/Lisk_Symbol_-_Blue.png?1573444104
smooth-love-potion,slp,Smooth Love Potion,https://assets.coingecko.com/coins/images/10366/large/SLP.png?1578640057
lido-staked-sol,stsol,Lido Staked SOL,https://assets.coingecko.com/coins/images/18369/large/logo_-_2021-09-15T100934.765.png?1631671781
astar,astr,Astar,https://assets.coingecko.com/coins/images/22617/large/astr.png?1642314057
fx-coin,fx,Function X,https://assets.coingecko.com/coins/images/8186/large/47271330_590071468072434_707260356350705664_n.jpg?1556096683
republic-protocol,ren,REN,https://assets.coingecko.com/coins/images/3139/large/REN.png?1589985807
coti,coti,COTI,https://assets.coingecko.com/coins/images/2962/large/Coti.png?1559653863
pundi-x-2,pundix,Pundi X,https://assets.coingecko.com/coins/images/14571/large/vDyefsXq_400x400.jpg?1617085003
nervos-network,ckb,Nervos Network,https://assets.coingecko.com/coins/images/9566/large/Nervos_White.png?1608280856
velas,vlx,Velas,https://assets.coingecko.com/coins/images/9651/large/logo_blue.png?1663764088
neutrino,usdn,Neutrino USD,https://assets.coingecko.com/coins/images/10117/large/78GWcZu.png?1600845716
stasis-eurs,eurs,STASIS EURO,https://assets.coingecko.com/coins/images/5164/large/EURS_300x300.png?1550571779
kirobo,kiro,Kirobo,https://assets.coingecko.com/coins/images/12688/large/QmScxyKBwqbGJZmp38EwaoRpXbzPkq3tvuMjeuJE1YLZeG.png?1601672684
bitkub-coin,kub,Bitkub Coin,https://assets.coingecko.com/coins/images/15760/large/KUB.png?1621825161
metis-token,metis,Metis,https://assets.coingecko.com/coins/images/15595/large/metis.jpeg?1660285312
looksrare,looks,LooksRare,https://assets.coingecko.com/coins/images/22173/large/circle-black-256.png?1641173160
kyber-network-crystal,knc,Kyber Network Crystal,https://assets.coingecko.com/coins/images/14899/large/RwdVsGcw_400x400.jpg?1618923851
ceek,ceek,CEEK Smart VR,https://assets.coingecko.com/coins/images/2581/large/ceek-smart-vr-token-logo.png?1547036714
api3,api3,API3,https://assets.coingecko.com/coins/images/13256/large/api3.jpg?1606751424
coin-of-the-champions,coc,Coin of the champions,https://assets.coingecko.com/coins/images/18478/large/COC-Yellow-Transparent-1.png?1632148454
uquid-coin,uqc,Uquid Coin,https://assets.coingecko.com/coins/images/1341/large/uquid-coin.png?1548759712
constitutiondao,people,ConstitutionDAO,https://assets.coingecko.com/coins/images/20612/large/GN_UVm3d_400x400.jpg?1637294355
status,snt,Status,https://assets.coingecko.com/coins/images/779/large/status.png?1548610778
nest,nest,Nest Protocol,https://assets.coingecko.com/coins/images/11284/large/52954052.png?1589868539
syscoin,sys,Syscoin,https://assets.coingecko.com/coins/images/119/large/Syscoin.png?1560401261
reef,reef,Reef,https://assets.coingecko.com/coins/images/13504/large/Group_10572.png?1610534130
platoncoin,pltc,PlatonCoin,https://assets.coingecko.com/coins/images/7178/large/PLTC.png?1616126045
nano,xno,Nano,https://assets.coingecko.com/coins/images/756/large/nano.png?1637232468
maple,mpl,Maple,https://assets.coingecko.com/coins/images/14097/large/Maple_Logo_Mark_Maple_Orange.png?1653381382
vulcan-forged,pyr,Vulcan Forged,https://assets.coingecko.com/coins/images/14770/large/1617088937196.png?1619414736
orbs,orbs,Orbs,https://assets.coingecko.com/coins/images/4630/large/Orbs.jpg?1547039896
prometeus,prom,Prom,https://assets.coingecko.com/coins/images/8825/large/Ticker.png?1657632943
temple,temple,TempleDAO,https://assets.coingecko.com/coins/images/20040/large/LPK15ZOW_400x400.jpg?1636425070
medibloc,med,Medibloc,https://assets.coingecko.com/coins/images/1374/large/medibloc_basic.png?1570607623
civic,cvc,Civic,https://assets.coingecko.com/coins/images/788/large/civic-orange.png?1657246016
dejitaru-tsuka,tsuka,Dejitaru Tsuka,https://assets.coingecko.com/coins/images/26405/large/Tsuka_200x200.png?1657923568
kujira,kuji,Kujira,https://assets.coingecko.com/coins/images/20685/large/kuji-200x200.png?1637557201
wink,win,WINkLink,https://assets.coingecko.com/coins/images/9129/large/WinK.png?1564624891
usdx,usdx,USDX,https://assets.coingecko.com/coins/images/13056/large/USDX_coin.png?1604734048
spell-token,spell,Spell,https://assets.coingecko.com/coins/images/15861/large/abracadabra-3.png?1622544862
coin98,c98,Coin98,https://assets.coingecko.com/coins/images/17117/large/logo.png?1626412904
mass-vehicle-ledger,mvl,MVL,https://assets.coingecko.com/coins/images/3476/large/mass-vehicle-ledger.png?1547978299
scholarship-coin,scho,Scholarship Coin,https://assets.coingecko.com/coins/images/14385/large/77821571.png?1615790445
tribe-2,tribe,Tribe,https://assets.coingecko.com/coins/images/14575/large/tribe.PNG?1617487954
mobox,mbox,Mobox,https://assets.coingecko.com/coins/images/14751/large/mobox.PNG?1618146979
boba-network,boba,Boba Network,https://assets.coingecko.com/coins/images/20285/large/BOBA.png?1636811576
veritaseum,veri,Veritaseum,https://assets.coingecko.com/coins/images/695/large/veritaseum.png?1547034460
my-neighbor-alice,alice,My Neighbor Alice,https://assets.coingecko.com/coins/images/14375/large/alice_logo.jpg?1615782968
numeraire,nmr,Numeraire,https://assets.coingecko.com/coins/images/752/large/numeraire.png?1592538976
